{"cameraMode":{"drawMode":0,"name":"Shaded","section":"Shading Mode"},"sceneLighting":false,"audioPlay":false,"sceneViewState":{"showFog":true,"showMaterialUpdate":false,"showSkybox":true,"showFlares":true,"showImageEffects":true,"showParticleSystems":true},"in2DMode":false,"pivot":{"x":0.3998091220855713,"y":5.752859592437744,"z":3.648587703704834},"rotation":{"x":-0.2787105441093445,"y":0.09258885681629181,"z":-0.02700730599462986,"w":-0.9555248022079468},"size":7.131027698516846,"orthographic":false}