{"cameraMode":{"drawMode":0,"name":"Shaded","section":"Shading Mode"},"sceneLighting":false,"audioPlay":false,"sceneViewState":{"showFog":true,"showMaterialUpdate":false,"showSkybox":true,"showFlares":true,"showImageEffects":true,"showParticleSystems":true},"in2DMode":false,"pivot":{"x":-2.3482282161712648,"y":4.59413480758667,"z":-9.209721565246582},"rotation":{"x":0.050765469670295718,"y":-0.29138004779815676,"z":0.015486519783735276,"w":0.9551376700401306},"size":7.984650135040283,"orthographic":false}