{"cameraMode":{"drawMode":0,"name":"Shaded","section":"Shading Mode"},"sceneLighting":false,"audioPlay":false,"sceneViewState":{"showFog":true,"showMaterialUpdate":false,"showSkybox":true,"showFlares":true,"showImageEffects":true,"showParticleSystems":true},"in2DMode":false,"pivot":{"x":-1.4326446056365967,"y":-3.336031436920166,"z":1.0912532806396485},"rotation":{"x":-0.22944392263889314,"y":0.18324784934520722,"z":-0.04403073713183403,"w":-0.954902172088623},"size":23.633197784423829,"orthographic":false}