{"cameraMode":{"drawMode":0,"name":"Shaded","section":"Shading Mode"},"sceneLighting":false,"audioPlay":false,"sceneViewState":{"showFog":true,"showMaterialUpdate":false,"showSkybox":true,"showFlares":true,"showImageEffects":true,"showParticleSystems":true},"in2DMode":false,"pivot":{"x":-3.95969820022583,"y":-2.7477428913116457,"z":-160.2522430419922},"rotation":{"x":-0.126508429646492,"y":-0.12110154330730438,"z":0.015562810003757477,"w":-0.9844226241111755},"size":4.729971408843994,"orthographic":false}