{"cameraMode":{"drawMode":0,"name":"Shaded","section":"Shading Mode"},"sceneLighting":false,"audioPlay":false,"sceneViewState":{"showFog":true,"showMaterialUpdate":false,"showSkybox":true,"showFlares":true,"showImageEffects":true,"showParticleSystems":true},"in2DMode":false,"pivot":{"x":-0.10834425687789917,"y":4.2594685554504398,"z":2.506898880004883},"rotation":{"x":-0.14334861934185029,"y":0.07918001711368561,"z":-0.01150748785585165,"w":-0.9864384531974793},"size":4.854424476623535,"orthographic":false}