{"cameraMode":{"drawMode":0,"name":"Shaded","section":"Shading Mode"},"sceneLighting":false,"audioPlay":false,"sceneViewState":{"showFog":true,"showMaterialUpdate":false,"showSkybox":true,"showFlares":true,"showImageEffects":true,"showParticleSystems":true},"in2DMode":false,"pivot":{"x":-0.48214927315711977,"y":5.0699028968811039,"z":1.023838996887207},"rotation":{"x":-0.128946915268898,"y":-0.006845492869615555,"z":0.000889073358848691,"w":-0.9916333556175232},"size":0.7975015044212341,"orthographic":false}