{"cameraMode":{"drawMode":0,"name":"Shaded","section":"Shading Mode"},"sceneLighting":false,"audioPlay":false,"sceneViewState":{"showFog":true,"showMaterialUpdate":false,"showSkybox":true,"showFlares":true,"showImageEffects":true,"showParticleSystems":true},"in2DMode":false,"pivot":{"x":-2.0900468826293947,"y":7.323494911193848,"z":29.122406005859376},"rotation":{"x":-0.028162280097603799,"y":-0.049158480018377307,"z":-0.0013868249952793122,"w":0.9983936548233032},"size":45.40778350830078,"orthographic":false}