{"cameraMode":{"drawMode":0,"name":"Shaded","section":"Shading Mode"},"sceneLighting":false,"audioPlay":false,"sceneViewState":{"showFog":true,"showMaterialUpdate":false,"showSkybox":true,"showFlares":true,"showImageEffects":true,"showParticleSystems":true},"in2DMode":false,"pivot":{"x":-0.1247822642326355,"y":4.6807074546813969,"z":3.2897698879241945},"rotation":{"x":-0.20086967945098878,"y":0.18015870451927186,"z":-0.037612032145261767,"w":-0.9621806740760803},"size":3.1142351627349855,"orthographic":false}