{"cameraMode":{"drawMode":0,"name":"Shaded","section":"Shading Mode"},"sceneLighting":false,"audioPlay":false,"sceneViewState":{"showFog":true,"showMaterialUpdate":false,"showSkybox":true,"showFlares":true,"showImageEffects":true,"showParticleSystems":true},"in2DMode":false,"pivot":{"x":-4.205543518066406,"y":28.6257381439209,"z":19.859375},"rotation":{"x":-0.3208268880844116,"y":-0.1270579844713211,"z":-0.043478209525346759,"w":0.9375699758529663},"size":69.87352752685547,"orthographic":false}