{"cameraMode":{"drawMode":0,"name":"Shaded","section":"Shading Mode"},"sceneLighting":false,"audioPlay":false,"sceneViewState":{"showFog":true,"showMaterialUpdate":false,"showSkybox":true,"showFlares":true,"showImageEffects":true,"showParticleSystems":true},"in2DMode":false,"pivot":{"x":-3.0747907161712648,"y":3.469132423400879,"z":10.631560325622559},"rotation":{"x":-0.043128106743097308,"y":-0.12792488932609559,"z":-0.005568950902670622,"w":0.9908361434936523},"size":33.40531921386719,"orthographic":false}