{"cameraMode":{"drawMode":0,"name":"Shaded","section":"Shading Mode"},"sceneLighting":false,"audioPlay":false,"sceneViewState":{"showFog":true,"showMaterialUpdate":false,"showSkybox":true,"showFlares":true,"showImageEffects":true,"showParticleSystems":true},"in2DMode":false,"pivot":{"x":-20.696136474609376,"y":-12.474418640136719,"z":43.25358581542969},"rotation":{"x":0.13186243176460267,"y":-0.28218725323677065,"z":0.03918980434536934,"w":0.9494453072547913},"size":70.75131225585938,"orthographic":false}