{"cameraMode":{"drawMode":0,"name":"Shaded","section":"Shading Mode"},"sceneLighting":false,"audioPlay":false,"sceneViewState":{"showFog":true,"showMaterialUpdate":false,"showSkybox":true,"showFlares":true,"showImageEffects":true,"showParticleSystems":true},"in2DMode":false,"pivot":{"x":-11.401947021484375,"y":-9.356376647949219,"z":104.30607604980469},"rotation":{"x":0.044893037527799609,"y":-0.06408870220184326,"z":0.0028839800506830217,"w":0.996932327747345},"size":143.94764709472657,"orthographic":false}