{"cameraMode":{"drawMode":0,"name":"Shaded","section":"Shading Mode"},"sceneLighting":false,"audioPlay":false,"sceneViewState":{"showFog":true,"showMaterialUpdate":false,"showSkybox":true,"showFlares":true,"showImageEffects":true,"showParticleSystems":true},"in2DMode":false,"pivot":{"x":7809.89794921875,"y":363.453857421875,"z":-1698.0240478515625},"rotation":{"x":0.016286931931972505,"y":-0.6893318295478821,"z":-0.015506573021411896,"w":-0.7241015434265137},"size":2333.452392578125,"orthographic":false}