{"cameraMode":{"drawMode":0,"name":"Shaded","section":"Shading Mode"},"sceneLighting":false,"audioPlay":false,"sceneViewState":{"showFog":true,"showMaterialUpdate":false,"showSkybox":true,"showFlares":true,"showImageEffects":true,"showParticleSystems":true},"in2DMode":false,"pivot":{"x":-4.948932647705078,"y":-1.1274245977401734,"z":85.31060028076172},"rotation":{"x":0.01288861595094204,"y":-0.04258114844560623,"z":0.0005479493993334472,"w":0.9990102648735046},"size":97.99629211425781,"orthographic":false}