{"cameraMode":{"drawMode":0,"name":"Shaded","section":"Shading Mode"},"sceneLighting":false,"audioPlay":false,"sceneViewState":{"showFog":true,"showMaterialUpdate":false,"showSkybox":true,"showFlares":true,"showImageEffects":true,"showParticleSystems":true},"in2DMode":false,"pivot":{"x":384.8066711425781,"y":1293.9134521484375,"z":1406.10986328125},"rotation":{"x":-0.019804975017905237,"y":0.018592694774270059,"z":-0.00036804843693971634,"w":-0.9996323585510254},"size":3690.328125,"orthographic":false}