{"cameraMode":{"drawMode":0,"name":"Shaded","section":"Shading Mode"},"sceneLighting":false,"audioPlay":false,"sceneViewState":{"showFog":true,"showMaterialUpdate":false,"showSkybox":true,"showFlares":true,"showImageEffects":true,"showParticleSystems":true},"in2DMode":false,"pivot":{"x":0.09834066033363342,"y":6.767915725708008,"z":3.2671151161193849},"rotation":{"x":-0.07222992926836014,"y":0.021539058536291124,"z":-0.0015604841755703092,"w":-0.9971597194671631},"size":4.660586357116699,"orthographic":false}