{"cameraMode":{"drawMode":0,"name":"Shaded","section":"Shading Mode"},"sceneLighting":false,"audioPlay":false,"sceneViewState":{"showFog":true,"showMaterialUpdate":false,"showSkybox":true,"showFlares":true,"showImageEffects":true,"showParticleSystems":true},"in2DMode":false,"pivot":{"x":-25.655765533447267,"y":-0.3869844079017639,"z":27.78391456604004},"rotation":{"x":0.01117600966244936,"y":-0.36429163813591006,"z":0.004370647016912699,"w":0.9312148094177246},"size":54.138572692871097,"orthographic":false}