{"cameraMode":{"drawMode":0,"name":"Shaded","section":"Shading Mode"},"sceneLighting":false,"audioPlay":false,"sceneViewState":{"showFog":true,"showMaterialUpdate":false,"showSkybox":true,"showFlares":true,"showImageEffects":true,"showParticleSystems":true},"in2DMode":false,"pivot":{"x":816.785888671875,"y":1376.8365478515625,"z":838.1376953125},"rotation":{"x":-0.2013828605413437,"y":-0.14948537945747376,"z":0.03111516684293747,"w":-0.9675415754318237},"size":3458.490478515625,"orthographic":false}