{"cameraMode":{"drawMode":0,"name":"Shaded","section":"Shading Mode"},"sceneLighting":false,"audioPlay":false,"sceneViewState":{"showFog":true,"showMaterialUpdate":false,"showSkybox":true,"showFlares":true,"showImageEffects":true,"showParticleSystems":true},"in2DMode":false,"pivot":{"x":10.361753463745118,"y":1.8523083925247193,"z":-0.9867011308670044},"rotation":{"x":0.02430248074233532,"y":0.43535131216049197,"z":-0.011757696978747845,"w":0.899861752986908},"size":24.592782974243165,"orthographic":false}