{"cameraMode":{"drawMode":0,"name":"Shaded","section":"Shading Mode"},"sceneLighting":false,"audioPlay":false,"sceneViewState":{"showFog":true,"showMaterialUpdate":false,"showSkybox":true,"showFlares":true,"showImageEffects":true,"showParticleSystems":true},"in2DMode":false,"pivot":{"x":-2.7027342319488527,"y":8.347900390625,"z":1.0451741218566895},"rotation":{"x":-0.1433999389410019,"y":-0.14609797298908235,"z":-0.0214089285582304,"w":0.9785879850387573},"size":8.626771926879883,"orthographic":false}