{"cameraMode":{"drawMode":0,"name":"Shaded","section":"Shading Mode"},"sceneLighting":false,"audioPlay":false,"sceneViewState":{"showFog":true,"showMaterialUpdate":false,"showSkybox":true,"showFlares":true,"showImageEffects":true,"showParticleSystems":true},"in2DMode":false,"pivot":{"x":1.1437395811080933,"y":6.5152201652526859,"z":3.015035629272461},"rotation":{"x":0.0491475984454155,"y":-0.030860811471939088,"z":-0.0015196263557299972,"w":-0.9983188509941101},"size":4.4154534339904789,"orthographic":false}