{"cameraMode":{"drawMode":0,"name":"Shaded","section":"Shading Mode"},"sceneLighting":false,"audioPlay":false,"sceneViewState":{"showFog":true,"showMaterialUpdate":false,"showSkybox":true,"showFlares":true,"showImageEffects":true,"showParticleSystems":true},"in2DMode":false,"pivot":{"x":-4.164736747741699,"y":2.7736976146698,"z":3.3377532958984377},"rotation":{"x":0.03629957512021065,"y":0.010804427787661553,"z":-0.00039261163328774273,"w":0.99928218126297},"size":11.107439041137696,"orthographic":false}