{"cameraMode":{"drawMode":0,"name":"Shaded","section":"Shading Mode"},"sceneLighting":false,"audioPlay":false,"sceneViewState":{"showFog":true,"showMaterialUpdate":false,"showSkybox":true,"showFlares":true,"showImageEffects":true,"showParticleSystems":true},"in2DMode":false,"pivot":{"x":2.2965259552001955,"y":-0.8119952082633972,"z":-2.173673152923584},"rotation":{"x":0.11549116671085358,"y":-0.4409531056880951,"z":0.057335060089826587,"w":0.8882203102111816},"size":0.4280920624732971,"orthographic":false}