{"cameraMode":{"drawMode":0,"name":"Shaded","section":"Shading Mode"},"sceneLighting":false,"audioPlay":false,"sceneViewState":{"showFog":true,"showMaterialUpdate":false,"showSkybox":true,"showFlares":true,"showImageEffects":true,"showParticleSystems":true},"in2DMode":false,"pivot":{"x":-0.163543701171875,"y":1.3433303833007813,"z":-0.33907318115234377},"rotation":{"x":-0.20086967945098878,"y":0.18015870451927186,"z":-0.037612032145261767,"w":-0.9621806740760803},"size":12.019775390625,"orthographic":false}