{"cameraMode":{"drawMode":0,"name":"Shaded","section":"Shading Mode"},"sceneLighting":false,"audioPlay":false,"sceneViewState":{"showFog":true,"showMaterialUpdate":false,"showSkybox":true,"showFlares":true,"showImageEffects":true,"showParticleSystems":true},"in2DMode":false,"pivot":{"x":3.2605133056640627,"y":4.491023063659668,"z":-0.7245261669158936},"rotation":{"x":-0.05438162758946419,"y":-0.5100235342979431,"z":0.032332636415958408,"w":-0.857830286026001},"size":20.800865173339845,"orthographic":false}