{"cameraMode":{"drawMode":0,"name":"Shaded","section":"Shading Mode"},"sceneLighting":false,"audioPlay":false,"sceneViewState":{"showFog":true,"showMaterialUpdate":false,"showSkybox":true,"showFlares":true,"showImageEffects":true,"showParticleSystems":true},"in2DMode":false,"pivot":{"x":1.4692963361740113,"y":0.810475766658783,"z":-7.336726665496826},"rotation":{"x":0.02880322001874447,"y":-0.27901437878608706,"z":0.008372971788048745,"w":0.959818959236145},"size":3.1606199741363527,"orthographic":false}