{"cameraMode":{"drawMode":0,"name":"Shaded","section":"Shading Mode"},"sceneLighting":false,"audioPlay":false,"sceneViewState":{"showFog":true,"showMaterialUpdate":false,"showSkybox":true,"showFlares":true,"showImageEffects":true,"showParticleSystems":true},"in2DMode":false,"pivot":{"x":0.3728453516960144,"y":4.722311973571777,"z":2.980807304382324},"rotation":{"x":-0.07222992926836014,"y":0.021539058536291124,"z":-0.0015604841755703092,"w":-0.9971597194671631},"size":4.854424476623535,"orthographic":false}